"","groups","assets","flexibility","organization","learning","sociocog","agency","ac"
"1","1",0.460691823899371,0.397169811320755,0.366037735849057,0.577830188679245,0.696540880503145,0.435534591194969,2.93380503144654
"2","2",0.724178403755869,0.425352112676056,0.638028169014085,0.832746478873239,0.68075117370892,0.598591549295775,3.89964788732394
"3","3",0.616228070175439,0.317105263157895,0.298684210526316,0.572368421052632,0.281798245614035,0.274122807017544,2.36030701754386
