"","region","assets","flexibility","organization","learning","sociocog","agency","ac"
"1","esjf_ps",0.628787878787879,0.425454545454545,0.483636363636364,0.695454545454545,0.626515151515151,0.489393939393939,3.34924242424242
"2","newport_astoria",0.597826086956522,0.445652173913043,0.441304347826087,0.701086956521739,0.490942028985507,0.423913043478261,3.10072463768116
"3","pr_newport",0.583333333333333,0.348333333333333,0.488333333333333,0.670833333333333,0.606944444444444,0.477777777777778,3.17555555555556
"4","south_pr",0.605555555555556,0.316666666666667,0.59,0.766666666666667,0.783333333333333,0.616666666666667,3.67888888888889
"5","wacoast",0.623931623931624,0.370512820512821,0.405128205128205,0.653846153846154,0.519230769230769,0.403846153846154,2.97649572649573
