"","fishery_avg_exposure","sd"
"salmon_warming",0.494565217391304,0.510841609059115
"herr_warming",0.173913043478261,0.444129079644859
"albacore_warming",-0.2,0.444665349141658
"sardine_warming",0.151515151515152,0.537425118110195
"hake_warming",0,0.450693909432999
"other_warming",0.3125,0.51234753829798
