,fishery,avg_exposure,avg_sensitivity,avg_ac,avg_risk,avg_vulnerability,,,,fishery_avg_exposure,sd,,,fishery,average exposure of fishers,average exposure fishery
1,CPS,0.583758503,0.515873016,0.523809524,0.515873016,0.575821995,,,CPS_warming,0.688271605,0.272519679,,,CPS,0.583758503,0.688271605
2,dungeness crab,0.631925843,0.536226064,0.467013889,0.527847532,0.692759487,,,dc_warming,0.644957983,0.224306366,,,dungeness crab,0.631925843,0.644957983
3,groundfish,0.646581197,0.502780388,0.438746439,0.489888584,0.697723341,,,gf_warming,0.597368421,0.219691324,,,groundfish,0.646581197,0.597368421
4,hake,0.555555556,0.407407407,0.527777778,0.407407407,0.435185185,,,hake_warming,0.603658537,0.249847514,,,hake,0.555555556,0.603658537
5,HMS,0.681278617,0.510779151,0.439727463,0.501141809,0.729838649,,,hms_warming,0.526960784,0.255888238,,,HMS,0.681278617,0.526960784
6,salmon,0.678897744,0.530614177,0.419419419,0.52583387,0.779195998,,,salmon_warming,0.802158273,0.213822229,,,salmon,0.678897744,0.802158273
7,scallops,0.6875,0.524305556,0.388888889,0.524305556,0.822916667,,,scallop_warming,0.657407407,0.197923695,,,scallops,0.6875,0.657407407
8,sea urchin,0.696393557,0.550245098,0.375816993,0.550245098,0.870821662,,,urchin_warming,0.717213115,0.311165182,,,sea urchin,0.696393557,0.717213115
9,shrimp,0.600108225,0.523358586,0.449494949,0.523358586,0.673971861,,,shrimp_warming,0.580357143,0.191329932,,,shrimp,0.600108225,0.580357143
10,squid,0.623571429,0.538888889,0.55,0.538888889,0.612460317,,,squid_warming,0.570175439,0.305289624,,,squid,0.623571429,0.570175439
,,,,,,,,,other_warming,0.614864865,0.292229187,,,,,
