"","Commercial.Reliance.Categorical.Ranking","assets","flexibility","organization","learning","sociocog","agency","ac","count"
"1",1,0.523809523809524,0.321428571428571,0.578571428571429,0.785714285714286,0.821428571428571,0.619047619047619,3.65,7
"2",2,0.608433734939759,0.413253012048193,0.466265060240964,0.703313253012048,0.619979919678715,0.460843373493976,3.27208835341365,83
"3",3,0.641025641025641,0.35,0.494230769230769,0.6875,0.604166666666667,0.46474358974359,3.24166666666667,26
"4",4,0.603333333333333,0.434,0.448,0.655,0.503333333333333,0.466666666666667,3.11033333333333,25
"5",5,0.634920634920635,0.323809523809524,0.44047619047619,0.636904761904762,0.498015873015873,0.46031746031746,2.99444444444444,21
